{"name":"4a3dd497-f475-4fdb-ae96-dc1f9bdcaba7","id":"/providers/Microsoft.Flow/flows/4a3dd497-f475-4fdb-ae96-dc1f9bdcaba7","type":"Microsoft.Flow/flows","properties":{"apiId":"/providers/Microsoft.PowerApps/apis/shared_logicflows","displayName":"Roadmap - Planner sync","definition":{"metadata":{"workflowEntityId":null,"processAdvisorMetadata":null,"flowChargedByPaygo":null,"flowclientsuspensionreason":"None","flowclientsuspensiontime":null,"flowclientsuspensionreasondetails":null,"creator":{"id":"0a13f60c-8b51-45d2-89aa-e7bfa3acfddc","type":"User","tenantId":"ee357b2a-1bf9-42a6-baab-9772d85b28c1"},"provisioningMethod":"FromDefinition","failureAlertSubscription":true,"clientLastModifiedTime":"2023-05-11T15:29:35.4207371Z"},"$schema":"https://schema.management.azure.com/providers/Microsoft.Logic/schemas/2016-06-01/workflowdefinition.json#","contentVersion":"1.0.0.0","parameters":{"$connections":{"defaultValue":{},"type":"Object"},"$authentication":{"defaultValue":{},"type":"SecureObject"}},"triggers":{"manual":{"metadata":{"operationMetadataId":"a75a09cc-d927-48cb-8f16-4c0b1376e69f"},"type":"Request","kind":"Button","inputs":{"schema":{"type":"object","properties":{},"required":[]},"headersSchema":{"x-ms-user-email-encoded":{"title":"User email","type":"string","format":"byte","x-ms-dynamically-added":false}}}}},"actions":{"For_each_group":{"foreach":"@outputs('Get_all_groups_I_have_access_to')?['body/value']","actions":{"Get_plans_for_those_groups":{"runAfter":{},"metadata":{"operationMetadataId":"e73f9b4b-ce7a-4d01-bed3-d4c85ddcf8f2"},"type":"OpenApiConnection","inputs":{"host":{"apiId":"/providers/Microsoft.PowerApps/apis/shared_planner","connectionName":"shared_planner","operationId":"ListGroupPlans"},"parameters":{"groupId":"@items('For_each_group')"},"authentication":{"value":"@json(decodeBase64(triggerOutputs().headers['X-MS-APIM-Tokens']))['$ConnectionKey']","type":"Raw"}}},"For_each_plan":{"foreach":"@outputs('Get_plans_for_those_groups')?['body/value']","actions":{"Find_Roadmap":{"runAfter":{},"metadata":{"operationMetadataId":"a2c7c168-166e-413d-b379-11af1b401f88"},"type":"OpenApiConnection","inputs":{"host":{"apiId":"/providers/Microsoft.PowerApps/apis/shared_commondataserviceforapps","connectionName":"shared_commondataserviceforapps","operationId":"ListRecords"},"parameters":{"entityName":"msdyn_roadmaps","$filter":"msdyn_name eq '@{replace(items('For_each_plan')?['title'], '''', '')} (Planner)'"},"authentication":"@parameters('$authentication')"}},"With_the_roadmap_update_or_create_Roadmap_Items":{"foreach":"@outputs('Find_Roadmap')?['body/value']","actions":{"For_each_task_in_planner,_create_or_update_roadmap_row":{"foreach":"@outputs('Get_tasks_for_the_plan')?['body/value']","actions":{"Verify_task_data":{"actions":{"Get_Roadmap_Item_Link":{"runAfter":{},"metadata":{"operationMetadataId":"5d760085-aa2f-4f14-8843-8639e4c7d2c3"},"type":"OpenApiConnection","inputs":{"host":{"apiId":"/providers/Microsoft.PowerApps/apis/shared_commondataserviceforapps","connectionName":"shared_commondataserviceforapps","operationId":"ListRecords"},"parameters":{"entityName":"msdyn_roadmapitemlinks","$filter":"msdyn_externalprojecttaskid eq '@{items('For_each_task_in_planner,_create_or_update_roadmap_row')?['id']}'"},"authentication":"@parameters('$authentication')"}},"Roadmap_Link_Item_does_not_exists":{"actions":{"Create_Roadmap_Item":{"runAfter":{},"metadata":{"operationMetadataId":"a08aefb0-ab9f-4524-9007-3427aac462b0"},"type":"OpenApiConnection","inputs":{"host":{"apiId":"/providers/Microsoft.PowerApps/apis/shared_commondataserviceforapps","connectionName":"shared_commondataserviceforapps","operationId":"CreateRecord"},"parameters":{"entityName":"msdyn_roadmapitems","item/msdyn_duedate":"@items('For_each_task_in_planner,_create_or_update_roadmap_row')?['dueDateTime']","item/msdyn_status":100,"item/msdyn_name":"@items('For_each_task_in_planner,_create_or_update_roadmap_row')?['title']","item/msdyn_roadmapid@odata.bind":"/msdyn_roadmaps(@{items('With_the_roadmap_update_or_create_Roadmap_Items')?['msdyn_roadmapid']})","item/msdyn_startdate":"@items('For_each_task_in_planner,_create_or_update_roadmap_row')?['startDateTime']","item/statuscode":1,"item/msdyn_type":1},"authentication":"@parameters('$authentication')"}},"Create_Roadmap_Item_Link":{"runAfter":{"Create_Roadmap_Item":["Succeeded"]},"metadata":{"operationMetadataId":"eb4d6787-b50a-46c9-a4bd-45a1a6b4087c"},"type":"OpenApiConnection","inputs":{"host":{"apiId":"/providers/Microsoft.PowerApps/apis/shared_commondataserviceforapps","connectionName":"shared_commondataserviceforapps","operationId":"CreateRecord"},"parameters":{"entityName":"msdyn_roadmapitemlinks","item/msdyn_externalduedate":"@items('For_each_task_in_planner,_create_or_update_roadmap_row')?['dueDateTime']","item/msdyn_externalname":"@items('For_each_plan')?['title']","item/msdyn_name":"@items('For_each_task_in_planner,_create_or_update_roadmap_row')?['title']","item/msdyn_externalprojectid":"@items('For_each_plan')?['id']","item/msdyn_externalprojecttaskid":"@items('For_each_task_in_planner,_create_or_update_roadmap_row')?['id']","item/msdyn_externalurl":"https://tasks.office.com/en-US/Home/Planner/#/plantaskboard?planId=@{items('For_each_plan')?['id']}","item/msdyn_externalstartdate":"@items('For_each_task_in_planner,_create_or_update_roadmap_row')?['startDateTime']","item/msdyn_externaltype":1,"item/msdyn_roadmapid@odata.bind":"/msdyn_roadmaps(@{items('With_the_roadmap_update_or_create_Roadmap_Items')?['msdyn_roadmapid']})","item/msdyn_roadmapitemid@odata.bind":"/msdyn_roadmapitems(@{outputs('Create_Roadmap_Item')?['body/msdyn_roadmapitemid']})","item/statuscode":1},"authentication":"@parameters('$authentication')"}}},"runAfter":{"Get_Roadmap_Item_Link":["Succeeded"]},"else":{"actions":{"Apply_to_each":{"foreach":"@outputs('Get_Roadmap_Item_Link')?['body/value']","actions":{"Update_a_row":{"runAfter":{},"metadata":{"operationMetadataId":"a82c3576-331d-430c-91ea-92b9039e00ba"},"type":"OpenApiConnection","inputs":{"host":{"apiId":"/providers/Microsoft.PowerApps/apis/shared_commondataserviceforapps","connectionName":"shared_commondataserviceforapps","operationId":"UpdateRecord"},"parameters":{"entityName":"msdyn_roadmapitems","recordId":"@items('Apply_to_each')?['_msdyn_roadmapitemid_value']","item/msdyn_duedate":"@items('For_each_task_in_planner,_create_or_update_roadmap_row')?['dueDateTime']","item/msdyn_name":"@items('For_each_task_in_planner,_create_or_update_roadmap_row')?['title']","item/msdyn_startdate":"@items('For_each_task_in_planner,_create_or_update_roadmap_row')?['startDateTime']"},"authentication":"@parameters('$authentication')"}}},"runAfter":{},"metadata":{"operationMetadataId":"86d75aa2-34e5-4acc-82b5-5834406e9daf"},"type":"Foreach"}}},"expression":{"equals":["@length(outputs('Get_Roadmap_Item_Link')?['body/value'])",0]},"metadata":{"operationMetadataId":"6a6585ae-35f4-44a9-a30b-803a63d044a5"},"type":"If"}},"runAfter":{},"expression":{"and":[{"not":{"equals":["@items('For_each_task_in_planner,_create_or_update_roadmap_row')?['startDateTime']","@null"]}},{"not":{"equals":["@items('For_each_task_in_planner,_create_or_update_roadmap_row')?['dueDateTime']","@null"]}},{"greaterOrEquals":["@items('For_each_task_in_planner,_create_or_update_roadmap_row')?['dueDateTime']","@items('For_each_task_in_planner,_create_or_update_roadmap_row')?['startDateTime']"]}]},"metadata":{"operationMetadataId":"7e38643a-be17-45f9-a963-1f9e240dbbfd"},"type":"If"}},"runAfter":{"Get_tasks_for_the_plan":["Succeeded"]},"metadata":{"operationMetadataId":"e90efac4-7ce6-4329-b184-b8f20dcfa506"},"type":"Foreach"},"Get_tasks_for_the_plan":{"runAfter":{"Create_Roadmap_Row_Link_if_none_exists":["Succeeded"]},"metadata":{"operationMetadataId":"297a018c-0593-4ff9-980a-cdb842fff4d9"},"type":"OpenApiConnection","inputs":{"host":{"apiId":"/providers/Microsoft.PowerApps/apis/shared_planner","connectionName":"shared_planner","operationId":"ListTasks_V3"},"parameters":{"groupId":"@items('For_each_group')","id":"@items('For_each_plan')?['id']"},"authentication":{"value":"@json(decodeBase64(triggerOutputs().headers['X-MS-APIM-Tokens']))['$ConnectionKey']","type":"Raw"}}},"Get_Roadmap_Row_Links":{"runAfter":{},"metadata":{"operationMetadataId":"635db58d-bd1d-4610-8ddc-cca49de0c2d5"},"type":"OpenApiConnection","inputs":{"host":{"apiId":"/providers/Microsoft.PowerApps/apis/shared_commondataserviceforapps","connectionName":"shared_commondataserviceforapps","operationId":"ListRecords"},"parameters":{"entityName":"msdyn_roadmaprowlinks","$filter":"_msdyn_roadmapid_value eq '@{items('With_the_roadmap_update_or_create_Roadmap_Items')?['msdyn_roadmapid']}'"},"authentication":"@parameters('$authentication')"}},"Create_Roadmap_Row_Link_if_none_exists":{"actions":{"Add_Roadmap_Row_Link":{"runAfter":{},"metadata":{"operationMetadataId":"1fc5e142-72c9-4116-a7a1-613d9c14398d"},"type":"OpenApiConnection","inputs":{"host":{"apiId":"/providers/Microsoft.PowerApps/apis/shared_commondataserviceforapps","connectionName":"shared_commondataserviceforapps","operationId":"CreateRecord"},"parameters":{"entityName":"msdyn_roadmaprowlinks","item/msdyn_ConnectionId@odata.bind":"/msdyn_connectionsettings(@{variables('Roadmap Connection Id')})","item/msdyn_externalprojectid":"@items('For_each_plan')?['id']","item/msdyn_name":"@items('With_the_roadmap_update_or_create_Roadmap_Items')?['msdyn_name']","item/msdyn_RoadmapId@odata.bind":"/msdyn_roadmaps(@{items('With_the_roadmap_update_or_create_Roadmap_Items')?['msdyn_roadmapid']})","item/msdyn_externalname":"@items('For_each_plan')?['title']","item/msdyn_externalurl":"https://tasks.office.com/en-US/Home/Planner/#/plantaskboard?planId=@{items('For_each_plan')?['id']}","item/statuscode":1},"authentication":"@parameters('$authentication')"}}},"runAfter":{"Get_Roadmap_Row_Links":["Succeeded"]},"expression":{"equals":["@length(outputs('Get_Roadmap_Row_Links')?['body/value'])",0]},"metadata":{"operationMetadataId":"92d59847-77f4-4558-988f-91223a1a657c"},"type":"If"}},"runAfter":{"Find_Roadmap":["Succeeded"]},"metadata":{"operationMetadataId":"80983c55-6430-46e0-8d94-1e04fdd636f3"},"type":"Foreach"}},"runAfter":{"Get_plans_for_those_groups":["Succeeded"]},"metadata":{"operationMetadataId":"39b769a2-ce5f-4eaa-85e5-ceb0a9865876"},"type":"Foreach"}},"runAfter":{"Get_all_groups_I_have_access_to":["Succeeded"]},"metadata":{"operationMetadataId":"e4f741ed-adf0-4171-a687-f951f3cdeb72"},"type":"Foreach","runtimeConfiguration":{"concurrency":{"repetitions":50}}},"Create_Planner_Connection_if_it_does_not_exists":{"actions":{"Create_Planner_Connection":{"runAfter":{},"metadata":{"operationMetadataId":"ed2cf989-a038-4437-9541-9728e2bb665b"},"type":"OpenApiConnection","inputs":{"host":{"apiId":"/providers/Microsoft.PowerApps/apis/shared_commondataserviceforapps","connectionName":"shared_commondataserviceforapps","operationId":"CreateRecord"},"parameters":{"entityName":"msdyn_connectionsettings","item/msdyn_externalservice":1,"item/msdyn_url":"https://tasks.office.com","item/msdyn_connectionsettingid":"@variables('Roadmap Connection Id')","item/msdyn_duedatefield":"Due","item/msdyn_startdatefield":"Start","item/statuscode":1},"authentication":"@parameters('$authentication')"}}},"runAfter":{"Find_Planner_Connection":["Succeeded"]},"expression":{"equals":["@length(outputs('Find_Planner_Connection')?['body/value'])",0]},"metadata":{"operationMetadataId":"6a1fc4ff-03e7-4c4a-aaa2-5958f1c6591a"},"type":"If"},"Find_Planner_Connection":{"runAfter":{"Roadmap_Connection_Id":["Succeeded"]},"metadata":{"operationMetadataId":"e8c6d4d3-2820-4620-815f-47b6e79f408a"},"type":"OpenApiConnection","inputs":{"host":{"apiId":"/providers/Microsoft.PowerApps/apis/shared_commondataserviceforapps","connectionName":"shared_commondataserviceforapps","operationId":"ListRecords"},"parameters":{"entityName":"msdyn_connectionsettings","$filter":"msdyn_connectionsettingid eq '@{variables('Roadmap Connection Id')}'"},"authentication":"@parameters('$authentication')"}},"Roadmap_Connection_Id":{"runAfter":{},"metadata":{"operationMetadataId":"5a4b1e04-30bf-4b71-93c1-4ea2025472ae"},"type":"InitializeVariable","inputs":{"variables":[{"name":"Roadmap Connection Id","type":"string","value":"8a3dd497-f475-4fdb-ae96-dc1f9bdcaba8"}]}},"Get_all_groups_I_have_access_to":{"runAfter":{"Create_Planner_Connection_if_it_does_not_exists":["Succeeded"]},"metadata":{"operationMetadataId":"9f9fb09e-0f04-488d-b534-47cca9363d4b"},"type":"OpenApiConnection","inputs":{"host":{"apiId":"/providers/Microsoft.PowerApps/apis/shared_azuread","connectionName":"shared_azuread","operationId":"GetMemberGroupsV2"},"parameters":{"id":"@triggerOutputs()['headers']['x-ms-user-email-encoded']","body/securityEnabledOnly":false},"authentication":{"value":"@json(decodeBase64(triggerOutputs().headers['X-MS-APIM-Tokens']))['$ConnectionKey']","type":"Raw"}}}},"outputs":{}},"connectionReferences":{"shared_planner":{"connectionName":"shared-planner-9c9e8b2b-0d90-4eb6-943a-2197-65791993","source":"Invoker","id":"/providers/Microsoft.PowerApps/apis/shared_planner","tier":"NotSpecified"},"shared_commondataserviceforapps":{"connectionName":"shared-commondataser-99fe1124-e5de-45c1-aa75-e376-8bb12c82","source":"Embedded","id":"/providers/Microsoft.PowerApps/apis/shared_commondataserviceforapps","tier":"NotSpecified"},"shared_azuread":{"connectionName":"c1812afca85545c3a22574ce98582741","source":"Invoker","id":"/providers/Microsoft.PowerApps/apis/shared_azuread","tier":"NotSpecified"}},"flowFailureAlertSubscribed":false,"isManaged":false}}